{
  "feature_names": [
    "area",
    "bedrooms",
    "bathrooms",
    "stories",
    "parking",
    "furnishingstatus_encoded"
  ],
  "coefficients": [
    661849.608662942,
    109179.2593709944,
    551736.373969941,
    395978.6591359333,
    251862.92216155314,
    260239.8812422903
  ],
  "intercept": 4706527.385321101,
  "means": [
    5154.144495412844,
    2.958715596330275,
    1.2660550458715596,
    1.7821100917431192,
    0.6857798165137615,
    0.9403669724770642
  ],
  "scales": [
    2201.784330559055,
    0.7469461998943238,
    0.47684363284095677,
    0.8571079743083291,
    0.8539597927689695,
    0.7518319236890584
  ]
}